"월별(1)","시점",한전 및 자회사,한전 및 자회사,한전 및 자회사,한전 및 자회사,한전 및 자회사,한전 및 자회사,한전 및 자회사,한전 및 자회사,한전 및 자회사,한전 및 자회사,한전 및 자회사,한전 및 자회사,한전 및 자회사,한전 및 자회사,한전 및 자회사,한전 및 자회사,타사,타사,타사,타사,타사,타사,타사,타사,타사,사업자(종합),사업자(종합),사업자(종합),사업자(종합),사업자(종합),사업자(종합),사업자(종합),사업자(종합),사업자(종합),사업자(종합),사업자(종합),사업자(종합),사업자(종합),사업자(종합),사업자(종합),사업자(종합),상용자가,상용자가,상용자가,총발전량,총발전량
"월별(1)","시점",소계,수력,수력,수력,수력,기력,기력,기력,기력,기력,복합화력,원자력,신재생,집단,내연력,기타,소계,수력,수력,수력,기력,복합화력,신재생,집단,기타,소계,수력,수력,수력,수력,기력,기력,기력,기력,기력,복합화력,원자력,신재생,집단,내연력,기타,소계,한전구입,자가소비,사업자+한전구입,사업자+상용자가
"월별(1)","시점",소계,소계,일반,양수,소수력,소계,무연탄,유연탄,중유,LNG,소계,소계,소계,소계,소계,소계,소계,소계,일반,소수력,유연탄,소계,소계,소계,소계,소계,소계,일반,양수,소수력,소계,무연탄,유연탄,중유,LNG,소계,소계,소계,소계,소계,소계,소계,소계,소계,소계,소계
"합계","2015",432758183,4427049,608281,3650320,168447,216378173,7438271,199895424,8822006,222472,43084104,164762416,624515,2838763,643164,-,94756654,1368991,931016,437975,-,57514281,16693434,19179948,-,527514837,5796040,1539298,3650320,606422,216378173,7438271,199895424,8822006,222472,100598385,164762416,17317949,22018711,643164,-,-,576355,-,528091193,-
"합계","2016",436314042,4834818,869712,3787310,177796,221335482,7760682,200151489,13054770,368541,43688294,161995104,1098064,2789084,573196,-,103906393,1798767,1289437,509331,1287995,53233975,17837596,29748060,-,540220436,6633585,2159149,3787310,687126,222623477,7760682,201439484,13054770,368541,96922270,161995104,18935660,32537144,573196,-,-,220419,-,540440854,-
"합계","2017",426484068,5262507,917300,4186353,158855,232631450,4426611,222759888,5224768,220183,33955125,148426725,2693481,3001433,513347,-,126741534,1732666,1346205,386461,4700090,65663865,21451881,33193031,-,553225602,6995173,2263505,4186353,545316,237331541,4426611,227459979,5224768,220183,99618990,148426725,24145362,36194464,513347,-,-,304506,-,553530107,-
"합계","2018",418327451,5187234,1101827,3911035,174372,228662857,2677040,220140570,5845247,-,43133972,133505261,3663802,3645872,528453,-,151520206,2083219,1646574,436645,8835428,73701635,23512872,43387051,-,569847656,7270453,2748401,3911035,611017,237498286,2677040,228975999,5845247,-,116835607,133505261,27176674,47032922,528453,-,-,798850,-,570646507,-
"합계","2019",409069939,4476640,842229,3458385,176026,213628071,2592225,209193368,1842478,-,36669948,145909669,5427962,2378737,578912,-,152823960,1770424,1386809,383615,7290358,73618864,25098295,43679358,1366663,561893899,6247064,2229038,3458385,559641,220918428,2592225,216483725,1842478,-,110288811,145909669,30526257,46058095,578912,1366663,-,1146405,-,563040305,-
"합계","2020",394522245,4501624,1075634,3271019,154971,180898793,2094210,176714012,1503944,586627,38033491,160183721,7016146,3412958,404673,70839,155963475,2646625,2130346,516280,8527220,73725754,24040363,42154306,4869207,550485720,7148249,3205979,3271019,671251,189426013,2094210,185241232,1503944,586627,111759245,160183721,31056508,45567264,404673,4940046,-,1676440,-,552162160,-
"합계","2021",400373182,4761910,927736,3682932,151241,175090166,1853783,170565608,1493853,1176921,49981779,158015230,8340828,3626727,490697,65846,175412367,1975525,1464088,511436,16485199,80376476,30760728,44699062,1115378,575785550,6737434,2391824,3682932,662678,191575365,1853783,187050807,1493853,1176921,130358255,158015230,39101556,48325789,490697,1181224,26152804,1023939,25128865,576809488,601938354
"1월","2015",40246639,391618,35028,343248,13341,19981160,747773,18595501,565283,72603,5228439,14219729,60474,313708,51511,-,8592912,155680,116201,39478,-,4929404,1329384,2178444,-,48839550,547297,151230,343248,52819,19981160,747773,18595501,565283,72603,10157844,14219729,1389857,2492152,51511,-,-,102306,-,48941856,-
"1월","2016",40475119,550011,43529,489913,16569,20168366,726618,17692212,1654327,95209,3863803,15442312,45309,351393,53924,-,9613246,62651,43073,19578,-,5365570,1417379,2767645,-,50088365,612663,86602,489913,36148,20168366,726618,17692212,1654327,95209,9229374,15442312,1462688,3119038,53924,-,-,46951,-,50135317,-
"1월","2017",38858632,417953,37613,365932,14408,21465583,636666,19795166,939839,93912,3472152,13104438,144705,220588,33212,-,10642856,119830,84490,35341,278686,5385878,1746043,3112418,-,49501488,537783,122103,365932,49749,21744269,636666,20073852,939839,93912,8858031,13104438,1890748,3333007,33212,-,-,41160,-,49542649,-
"1월","2018",38943679,377928,60236,303237,14455,23083099,138529,21702042,1242528,-,4837297,9825819,385276,383758,50504,-,14347529,105900,88017,17883,800964,7271178,1832381,4337106,-,53291208,483828,148253,303237,32338,23884063,138529,22503006,1242528,-,12108475,9825819,2217656,4720864,50504,-,-,103006,-,53394215,-
"1월","2019",38316562,418380,62760,340555,15065,20999064,274232,20404389,320443,-,3836442,12256406,410342,351881,44046,-,14463990,126017,100508,25509,810038,6535187,2124546,4856368,11833,52780551,544397,163268,340555,40574,21809102,274232,21214427,320443,-,10371629,12256406,2534888,5208249,44046,11833,-,123238,-,52903789,-
"1월","2020",34737992,401921,74252,312844,14825,17015148,229679,16608437,23371,153661,4463940,11898121,575236,350299,25877,7451,14950305,136604,95785,40819,802767,7247275,1401991,4872695,488974,49688298,538526,170037,312844,55645,17817915,229679,17411203,23371,153661,11711215,11898121,1977227,5222994,25877,496425,-,163078,-,49851376,-
"1월","2021",37204190,383414,48219,323699,11496,16396875,238299,15803888,250396,104292,5259779,14042335,722250,338860,53778,6898,15763947,133352,106583,26769,889305,7681977,1973086,4998731,87494,52968137,516767,154802,323699,38265,17286180,238299,16693193,250396,104292,12941756,14042335,2695337,5337591,53778,94393,...,187466,...,53155603,...
"2월","2015",34831198,356839,39561,305124,12154,17655058,650190,16346181,611868,46819,4368482,12085324,47032,271345,47119,-,7139519,134213,99506,34707,-,4021251,1175297,1808759,-,41970717,491051,139066,305124,46861,17655058,650190,16346181,611868,46819,8389732,12085324,1222329,2080104,47119,-,-,92741,-,42063459,-
"2월","2016",35876358,335969,16595,306404,12969,17809933,665367,15583167,1479587,81812,3146842,14164523,67283,301477,50332,-,8468576,57519,36192,21327,-,4413702,1426107,2571247,-,44344933,393488,52787,306404,34296,17809933,665367,15583167,1479587,81812,7560544,14164523,1493391,2872724,50332,-,-,38390,-,44383323,-
"2월","2017",35496007,402267,37701,352201,12366,19168753,590463,17626862,867864,83564,3121794,12373488,99007,302107,28592,-,9956379,105834,79599,26235,230130,5075544,1668128,2876742,-,45452386,508101,117300,352201,38601,19398883,590463,17856992,867864,83564,8197338,12373488,1767135,3178849,28592,-,-,46173,-,45498559,-
"2월","2018",34098844,337397,56076,269444,11877,20466649,124209,19613591,728850,-,3842928,8791258,293671,320117,46824,-,12284495,102534,86518,16015,696014,6080264,1716809,3688874,-,46383339,439931,142594,269444,27892,21162663,124209,20309604,728850,-,9923192,8791258,2010480,4008991,46824,-,-,88962,-,46472301,-
"2월","2019",32651176,364620,53030,298794,12797,17563736,241826,17210115,111795,-,3013780,11033718,331726,302542,41055,-,12183107,106415,85582,20832,453900,5587235,1978084,4046852,10621,44834283,471035,138612,298794,33629,18017636,241826,17664015,111795,-,8601014,11033718,2309810,4349394,41055,10621,-,98119,-,44932402,-
"2월","2020",32574177,394299,62636,319588,12075,14780833,214361,14513010,10102,43360,3777122,12690402,598910,305685,23374,3552,13688636,133895,94110,39784,750861,6515430,1673018,4181286,434147,46262813,528194,156746,319588,51859,15531694,214361,15263871,10102,43360,10292552,12690402,2271928,4486971,23374,437699,-,186185,-,46448998,-
"2월","2021",30946181,365910,48079,307903,9928,12720042,134298,12460817,94611,30316,4081229,12731704,692805,311313,39715,3463,13882936,112177,89373,22804,1098286,6208608,2298451,4089749,75665,44829117,478088,137452,307903,32732,13818328,134298,13559104,94611,30316,10289837,12731704,2991256,4401062,39715,79127,...,144614,...,44973731,...
"3월","2015",36989660,381252,40644,327216,13393,19147935,703659,16953652,1490624,-,4229097,13053018,41306,64590,72461,-,8677539,143805,102152,41653,-,5266195,1420876,1846663,-,45667199,525057,142795,327216,55046,19147935,703659,16953652,1490624,-,9495291,13053018,1462182,1911254,72461,-,-,74550,-,45741749,-
"3월","2016",36871550,310293,54123,242667,13503,18359434,754717,15892460,1671052,41206,3212093,14602370,68458,257800,61103,-,8882461,84339,48659,35681,24995,4612137,1497690,2663300,-,45754011,394633,102782,242667,49184,18384430,754717,15917455,1671052,41206,7824229,14602370,1566148,2921100,61103,-,-,29058,-,45783069,-
"3월","2017",35672236,389424,49148,328292,11984,19181112,465244,18499247,173914,42707,2497517,13174746,219370,165294,44773,-,11339861,111676,81833,29843,407561,6030517,1778832,3011274,-,47012097,501101,130981,328292,41827,19588674,465244,18906809,173914,42707,8528033,13174746,1998202,3176568,44773,-,-,37487,-,47049584,-
"3월","2018",33762400,357509,43226,299355,14929,19372394,91053,18502444,778897,-,4130468,9243306,326910,291919,39894,-,13424204,105666,79653,26013,692648,7106248,1959142,3560501,-,47186604,463175,122878,299355,40942,20065042,91053,19195092,778897,-,11236716,9243306,2286051,3852420,39894,-,-,62176,-,47248780,-
"3월","2019",34058604,332419,45469,274567,12383,16056495,233613,15238326,584556,-,2880854,14033501,388670,324572,42094,-,13056151,118476,91409,27067,392963,5743267,2441536,4358955,955,47114756,450895,136878,274567,39450,16449458,233613,15631289,584556,-,8624120,14033501,2830206,4683527,42094,955,-,94519,-,47209275,-
"3월","2020",31666663,372560,60797,302056,9707,12444011,103669,12305217,35125,-,3386004,14463259,672669,295406,25248,7505,14336532,161235,116540,44695,538273,6777443,2237382,4135800,486399,46003195,533795,177337,302056,54401,12982284,103669,12843489,35125,-,10163447,14463259,2910051,4431206,25248,493904,-,161733,-,46164928,-
"3월","2021",30634994,387905,68697,308632,10576,11509612,143907,11365705,-,-,3807804,13799717,762492,321788,38574,7101,16405076,124150,82586,41564,849689,8216580,2713028,4416575,85054,47040069,512055,151283,308632,52140,12359301,143907,12215394,-,-,12024384,13799717,3475520,4738364,38574,92155,...,152651,...,47192720,...
"4월","2015",33667819,270808,60936,194723,15149,17006886,597629,15626311,782872,74,3106015,13015704,51552,160024,56829,-,7815036,158841,106181,52661,-,4908510,1332081,1415603,-,41482855,429649,167117,194723,67810,17006886,597629,15626311,782872,74,8014525,13015704,1383634,1575627,56829,-,-,34204,-,41517058,-
"4월","2016",33749626,331333,77217,239462,14654,15976359,608532,14148600,1219227,-,1982621,15332232,57898,29749,39436,-,7394012,134382,88603,45778,58124,3122928,1556080,2522499,-,41143638,465714,165820,239462,60432,16034482,608532,14206723,1219227,-,5105549,15332232,1613978,2552247,39436,-,-,13180,-,41156818,-
"4월","2017",33240589,378089,50537,314478,13074,17105922,462381,16452195,191346,-,1876031,13301538,270178,259056,49775,-,8769194,133045,89553,43492,64326,4490241,1777330,2304252,-,42009783,511134,140091,314478,56566,17170248,462381,16516521,191346,-,6366272,13301538,2047508,2563307,49775,-,-,11829,-,42021612,-
"4월","2018",30333334,364430,71904,279209,13318,15945263,125856,15640045,179362,-,3851500,9422492,373563,333398,42687,-,12777879,134096,90974,43122,720992,6446255,2014390,3462147,-,43111213,498525,162877,279209,56440,16666255,125856,16361037,179362,-,10297755,9422492,2387953,3795545,42687,-,-,44228,-,43155441,-
"4월","2019",31205745,359916,63873,284553,11490,13342744,195426,13147318,-,-,2895734,14149570,380688,29602,47491,-,12672053,169836,135482,34354,544967,6250581,2260393,3439389,6887,43877798,529753,199355,284553,45844,13887712,195426,13692286,-,-,9146314,14149570,2641080,3468990,47491,6887,-,68055,-,43945853,-
"4월","2020",30816603,359189,53417,297160,8613,13448443,129360,13254117,64966,-,2312329,13688789,619708,350720,29962,7463,11300065,151887,113369,38519,653994,4499786,2452177,3078005,464216,42116669,511077,166785,297160,47132,14102437,129360,13908111,64966,-,6812115,13688789,3071885,3428726,29962,471678,-,138726,-,42255395,-
"4월","2021",29411611,405692,76531,319447,9715,11211308,120910,10971398,31683,87317,4089890,12550522,795038,304077,49291,5792,14133558,150484,105434,45050,1117062,6220942,2957751,3600149,87169,43545169,556177,181964,319447,54765,12328370,120910,12088460,31683,87317,10310832,12550522,3752789,3904226,49291,92961,...,92326,...,43637495,...
"5월","2015",33674327,268335,80413,173165,14757,17006381,644195,15950787,410329,1070,3403272,12591490,63638,275231,65980,-,7083264,190093,140220,49873,-,4293521,1406994,1192657,-,40757591,458427,220632,173165,64630,17006381,644195,15950787,410329,1070,7696793,12591490,1470631,1467888,65980,-,-,31376,-,40788967,-
"5월","2016",34575210,418863,117861,285398,15605,17237128,707050,15613851,916228,-,2550070,13999369,63679,269890,36210,-,7459261,215176,155529,59647,80044,3352122,1582702,2229217,-,42034471,634039,273389,285398,75252,17317173,707050,15693895,916228,-,5902192,13999369,1646381,2499107,36210,-,-,6523,-,42040994,-
"5월","2017",33996468,457306,78128,367704,11474,17575225,405831,17024443,144951,-,1733530,13670032,218199,280297,61880,-,8818159,149121,114853,34268,252005,4671241,1899834,1845958,-,42814627,606427,192981,367704,45743,17827229,405831,17276448,144951,-,6404771,13670032,2118033,2126254,61880,-,-,5436,-,42820063,-
"5월","2018",31954114,507871,178320,317243,12308,16214361,136674,15803952,273735,-,3338706,11368423,182183,288827,53744,-,12297133,283414,232342,51072,752607,6012312,1948606,3300194,-,44251247,791285,410662,317243,63380,16966968,136674,16556560,273735,-,9351017,11368423,2130789,3589020,53744,-,-,46683,-,44297930,-
"5월","2019",31857773,351017,82317,257825,10875,13609266,174555,13413611,21100,-,2704671,14771049,389091,-,32679,-,12437099,188830,149991,38839,763351,5760103,2691371,3022951,10493,44294871,539847,232308,257825,49714,14372617,174555,14176961,21100,-,8464773,14771049,3080461,3022951,32679,10493,-,39321,-,44334192,-
"5월","2020",31392127,378390,79817,286604,11968,13199462,203416,12979191,4681,12174,1875182,15257951,391646,256460,25961,7074,10058711,183915,132694,51221,702225,3854329,2219032,2605443,493768,41450839,562305,212511,286604,63189,13901687,203416,13681416,4681,12174,5729510,15257951,2610678,2861903,25961,500842,-,130525,-,41581363,-
"5월","2021",30432530,448307,133752,303229,11325,12877349,234809,12387478,180883,74179,3252531,12760349,722602,322617,44032,4743,13853644,188657,138775,49883,1077124,6633583,2957516,2907864,88901,44286175,636964,272527,303229,61208,13954473,234809,13464602,180883,74179,9886114,12760349,3680118,3230480,44032,93644,...,18465,...,44304640,...
"6월","2015",34411374,220718,68059,139428,13231,16999332,716365,16032178,250789,-,3311494,13516245,47356,271003,45227,-,7148676,139161,98816,40346,-,4498470,1378024,1133021,-,41560050,359879,166875,139428,53577,16999332,716365,16032178,250789,-,7809964,13516245,1425380,1404024,45227,-,-,22862,-,41582912,-
"6월","2016",34634612,313290,73006,226540,13744,17649526,642000,16237480,770046,-,3345045,12972156,50107,261178,43310,-,7910403,203917,157310,46607,239874,4009990,1352264,2104358,-,42545014,517207,230316,226540,60351,17889400,642000,16477354,770046,-,7355034,12972156,1402371,2365536,43310,-,-,5569,-,42550584,-
"6월","2017",32474815,437561,67851,360569,9140,16885157,256351,16334113,294694,-,2238710,12493858,192414,196498,30616,-,10950051,126464,96760,29704,475799,6105599,1775433,2466756,-,43424866,564025,164611,360569,38845,17360956,256351,16809912,294694,-,8344309,12493858,1967847,2663255,30616,-,-,5520,-,43430386,-
"6월","2018",32007410,489511,159354,320731,9426,16493270,203983,16042218,247069,-,3203859,11303421,169287,292273,55790,-,12425844,242630,199401,43230,672400,6406567,1954108,3150139,-,44433255,732141,358755,320731,52656,17165670,203983,16714619,247069,-,9610426,11303421,2123395,3442412,55790,-,-,60898,-,44494153,-
"6월","2019",32975751,309012,73906,222495,12611,16156864,226332,15928063,2469,-,2438585,13582797,392853,51800,43840,-,10763747,171561,132537,39024,670319,4986800,2268496,2657766,8806,43739498,480573,206443,222495,51635,16827183,226332,16598382,2469,-,7425385,13582797,2661349,2709566,43840,8806,-,53770,-,43793268,-
"6월","2020",32817024,322388,84248,224858,13282,15230741,266268,14948507,-,15966,2595596,14069176,278709,280040,36005,4370,10803501,190278,142188,48090,551878,4899190,2127057,2460951,574147,43620525,512666,226436,224858,61373,15782619,266268,15500385,-,15966,7494786,14069176,2405765,2740991,36005,578517,-,209093,-,43829618,-
"6월","2021",31508419,455644,147822,295412,12411,14996386,143016,14559776,137630,155963,3936587,11314115,470683,299031,29890,6082,14209952,230873,180668,50205,1391796,6856751,2719169,2910341,101022,45718371,686517,328490,295412,62615,16388182,143016,15951573,137630,155963,10793338,11314115,3189852,3209372,29890,107105,...,69735,...,45788106,...
"7월","2015",38696606,598630,91898,488581,18151,18729746,631894,17898976,198876,-,3245499,15836561,53741,187247,45183,-,6578273,97724,54937,42786,-,4037642,1422630,1020277,-,45274880,696354,146835,488581,60937,18729746,631894,17898976,198876,-,7283141,15836561,1476371,1207524,45183,-,-,20888,-,45295768,-
"7월","2016",39009702,535663,221845,297111,16706,19840642,731206,17946332,1154595,8508,4679711,13564652,83581,245601,59852,-,8071385,369124,311228,57895,59344,4136171,1481442,2025305,-,47081088,904787,533074,297111,74602,19899986,731206,18005676,1154595,8508,8815882,13564652,1565023,2270906,59852,-,-,4928,-,47086016,-
"7월","2017",38434374,482430,156030,311432,14969,21240268,274802,20409147,556319,-,4012960,12223246,147539,276763,51168,-,11208970,156594,118466,38128,667268,6054032,1720131,2610945,-,49643344,639024,274496,311432,53097,21907535,274802,21076414,556319,-,10066993,12223246,1867669,2887708,51168,-,-,7751,-,49651095,-
"7월","2018",39137686,591989,178247,397162,16581,21369102,391382,20400154,577566,-,3617082,13052206,171357,280828,55121,-,12843945,216828,168812,48016,754059,6377037,2093399,3402622,-,51981631,808818,347059,397162,64597,22123161,391382,21154213,577566,-,9994119,13052206,2264756,3683450,55121,-,-,38407,-,52020038,-
"7월","2019",36632642,411807,87797,306844,17166,20799367,274668,20470646,54053,-,3157627,11677950,383269,150694,51928,-,13072721,155289,120299,34990,755100,6648844,2341475,3164106,7907,49705363,567096,208095,306844,52157,21554466,274668,21225746,54053,-,9806471,11677950,2724744,3314800,51928,7907,-,34368,-,49739732,-
"7월","2020",34656944,351908,98115,236944,16848,17358225,274849,17071898,-,11477,2456440,13720945,465353,269350,27539,7185,11876711,260416,203622,56794,755233,5723093,1690678,2898214,549077,46533655,612324,301737,236944,73642,18113457,274849,17827131,-,11477,8179533,13720945,2156031,3167564,27539,556261,-,149795,-,46683450,-
"7월","2021",37970402,482337,123236,343656,15445,19208178,241116,18490128,237595,239338,5032095,12303367,604507,293256,39511,7152,16076171,229531,172506,57025,1965183,7499824,2785495,3494369,101770,54046573,711868,295742,343656,72470,21173360,241116,20455311,237595,239338,12531918,12303367,3390001,3787625,39511,108922,...,98352,...,54144925,...
"8월","2015",38472669,572393,50520,505854,16020,19557872,666210,18502378,389283,-,4711390,13282426,50704,246242,51643,-,7218470,92452,55309,37143,-,4423017,1476635,1226365,-,45691139,664845,105828,505854,53163,19557872,666210,18502378,389283,-,9134407,13282426,1527339,1472607,51643,-,-,16306,-,45707445,-
"8월","2016",40275529,512729,84856,413645,14228,20102798,735473,18544438,785983,36904,4593583,14651202,150625,211097,53494,-,8839499,181575,131838,49738,205441,4575668,1642924,2233891,-,49115028,694304,216694,413645,63965,20308239,735473,18749879,785983,36904,9169252,14651202,1793549,2444988,53494,-,-,2951,-,49117979,-
"8월","2017",38235049,667020,217315,435068,14637,21849877,369087,21147470,333320,-,3109468,11914437,348333,288624,57291,-,10710217,301250,258287,42963,611934,5455721,1817936,2523376,-,48945266,968270,475602,435068,57600,22461810,369087,21759403,333320,-,8565189,11914437,2166269,2812000,57291,-,-,5855,-,48951121,-
"8월","2018",40724680,523142,77215,428818,17108,22694507,411523,21647283,635700,-,4023503,12752550,391433,293895,45651,-,12481022,177068,137142,39926,807075,6117017,2017572,3362290,-,53205702,700210,214358,428818,57034,23501581,411523,22454358,635700,-,10140520,12752550,2409005,3656184,45651,-,-,29282,-,53234984,-
"8월","2019",38224995,441285,108905,314022,18359,21322120,270457,20948666,102997,-,3454847,12196916,604511,151171,54145,-,13378930,159466,118683,40783,761527,6662411,2450286,3333011,12229,51603925,600751,227587,314022,59142,22083648,270457,21710194,102997,-,10117258,12196916,3054797,3484182,54145,12229,-,37795,-,51641721,-
"8월","2020",37028344,486106,196832,271733,17542,19152660,155300,18761178,121015,115167,3796792,12526259,682866,341251,39266,3144,13875049,588282,538536,49746,807338,6806697,2014383,3138279,520069,50903392,1074388,735368,271733,67287,19959998,155300,19568516,121015,115167,10603489,12526259,2697249,3479530,39266,523212,-,147518,-,51050911,-
"8월","2021",36967040,406859,71216,318187,17456,18365303,238493,17997677,47692,81441,4196822,12779715,848586,326950,39860,2945,14733770,199531,143252,56279,1868362,6867083,2440862,3260288,97644,51700810,606390,214468,318187,73735,20233665,238493,19866039,47692,81441,11063905,12779715,3289448,3587238,39860,100589,...,94986,...,51795796,...
"9월","2015",33954893,443808,59636,370935,13237,16636681,560390,15709191,367100,-,3739780,12789518,49814,248339,46953,-,7002150,66184,41780,24404,-,4239069,1474928,1221968,-,40957043,509992,101416,370935,37641,16636681,560390,15709191,367100,-,7978850,12789518,1524743,1470307,46953,-,-,17796,-,40974839,-
"9월","2016",34220878,507808,85872,400923,21013,16898144,502777,15924473,470893,-,3802099,12681959,52239,236883,41747,-,7612776,117711,69461,48250,-,3886885,1435664,2172516,-,41833654,625519,155333,400923,69263,16898144,502777,15924473,470893,-,7688983,12681959,1487903,2409399,41747,-,-,1838,-,41835493,-
"9월","2017",35201531,504595,70093,419742,14761,19915119,215171,19462697,237250,-,1991560,12332852,341207,91298,24900,-,8981336,169016,131965,37051,300899,4468738,1809573,2233110,-,44182867,673611,202057,419742,51812,20216018,215171,19763596,237250,-,6460298,12332852,2150780,2324408,24900,-,-,13050,-,44195917,-
"9월","2018",33373810,468617,76223,373797,18597,18793228,341558,18271642,180028,-,2385985,11074114,381246,231829,38791,-,10102919,244295,194991,49304,773036,4671613,1984136,2429839,-,43476729,712912,271213,373797,67901,19566264,341558,19044678,180028,-,7057598,11074114,2365382,2661668,38791,-,-,50561,-,43527290,-
"9월","2019",33536839,422712,104442,299648,18622,19544597,183396,19340396,20805,-,2459976,10320798,593791,156006,38959,-,10801506,142845,107062,35783,479671,5430012,1824953,2911909,12115,44338345,565558,211504,299648,54406,20024268,183396,19820067,20805,-,7889988,10320798,2418745,3067914,38959,12115,-,123962,-,44462306,-
"9월","2020",31732039,465670,199410,250835,15425,17490336,17746,16915898,515236,41455,3384824,9292564,734131,320488,40082,3945,12776450,414568,361959,52609,737858,6395332,1983887,2729017,515788,44508489,880238,561369,250835,68034,18228194,17746,17653756,515236,41455,9780155,9292564,2718018,3049505,40082,519733,-,90953,-,44599442,-
"9월","2021",32436599,368578,75044,276903,16631,14558742,48212,14225568,173749,111213,4194077,12172417,761585,334170,42945,4085,12950475,205888,152672,53216,1381314,5879049,2410538,2972948,100738,45387074,574466,227716,276903,69847,15940056,48212,15606882,173749,111213,10073126,12172417,3172124,3307118,42945,104823,...,23229,...,45410303,...
"10월","2015",33806066,334238,42191,278022,14025,15884413,430775,14901645,549966,2026,2939464,14364628,49971,191901,41453,-,9532082,76169,57566,18603,-,6281800,1566842,1607271,-,43338148,410407,99757,278022,32628,15884413,430775,14901645,549966,2026,9221264,14364628,1616812,1799171,41453,-,-,27730,-,43365878,-
"10월","2016",34522148,344293,33783,296056,14453,17289499,453949,15943080,892470,-,4712157,11657348,155896,315646,47309,-,8126053,127483,74893,52590,71884,4164023,1430934,2331730,-,42648201,471775,108676,296056,67043,17361383,453949,16014964,892470,-,8876180,11657348,1586830,2647376,47309,-,-,10342,-,42658543,-
"10월","2017",33344138,428783,50664,362831,15287,18495155,280495,18054688,159972,-,1887951,12108787,147514,231606,44343,-,9023421,138060,108496,29563,319809,4282120,1802445,2480987,-,42367559,566843,159161,362831,44851,18814964,280495,18374496,159972,-,6170071,12108787,1949959,2712593,44343,-,-,18967,-,42386526,-
"10월","2018",32745130,351536,48175,287747,15614,16724245,281785,16011208,431253,-,2984813,12082871,282093,290894,28678,-,12121948,157441,116389,41052,632044,5876353,2114385,3341725,-,44867078,508977,164565,287747,56665,17356289,281785,16643251,431253,-,8861166,12082871,2396478,3632619,28678,-,-,60363,-,44927441,-
"10월","2019",32956456,352080,43887,290872,17320,18758148,136103,18502154,119892,-,2374266,10599853,561000,224930,86178,-,11541746,194159,161340,32819,370666,5482283,1662097,3365385,467156,44498202,546239,205227,290872,50140,19128814,136103,18872820,119892,-,7856549,10599853,2223097,3590316,86178,467156,-,131402,-,44629604,-
"10월","2020",29877629,320248,64207,243082,12959,12902403,10420,12771246,109619,11118,2396934,13468311,634746,110932,36319,7737,13159355,153731,119455,34276,723137,6996758,2262237,2919256,104236,43036984,473979,183662,243082,47235,13625540,10420,13494382,109619,11118,9393692,13468311,2896983,3030188,36319,111973,-,127491,-,43164475,-
"10월","2021",32073517,360005,53718,292035,14252,13371325,86607,12918028,173743,192948,4027665,13462108,582988,225180,37652,6593,14038499,146897,104056,42842,1652034,6135704,2666506,3335699,101658,46112016,506902,157774,292035,57093,15023359,86607,14570062,173743,192948,10163369,13462108,3249494,3560879,37652,108251,...,35129,...,46147145,...
"11월","2015",34781242,271747,21610,237501,12636,17490555,468437,15404103,1605408,12606,1870888,14807909,49783,232402,57958,-,9549430,59295,29093,30202,-,6164622,1281418,2044096,-,44330672,331042,50703,237501,42838,17490555,468437,15404103,1605408,12606,8035510,14807909,1331201,2276498,57958,-,-,53765,-,44384437,-
"11월","2016",33345776,312781,27430,275477,9874,18183657,576788,16836327,752568,17975,4201866,10311719,119151,168103,48499,-,11102396,125929,89511,36418,336260,6197764,1501364,2941080,-,44448172,438710,116941,275477,46292,18519917,576788,17172586,752568,17975,10399630,10311719,1620515,3109183,48499,-,-,25956,-,44474128,-
"11월","2017",33797360,342942,50198,279294,13451,18285230,221807,17742441,320982,-,3214796,11291469,275519,347667,39737,-,12223289,108404,87958,20446,348245,6528453,1791146,3447041,-,46020649,451346,138156,279294,33897,18633475,221807,18090686,320982,-,9743249,11291469,2066665,3794708,39737,-,-,60114,-,46080764,-
"11월","2018",33617543,383315,70322,298330,14663,17254967,236031,16829421,189515,-,3056948,12158328,406632,322672,34680,-,12321606,147886,116658,31229,753426,5250386,1857001,4312906,-,45939149,531201,186979,298330,45891,18008393,236031,17582847,189515,-,8307334,12158328,2263633,4635579,34680,-,-,97675,-,46036823,-
"11월","2019",32100227,337383,55911,267086,14386,17642258,171733,17448178,22348,-,3121926,10227944,431695,277508,61513,-,12886605,113983,88609,25374,524573,6601702,1521949,3677433,446965,44986832,451366,144520,267086,39760,18166831,171733,17972750,22348,-,9723628,10227944,1953644,3954941,61513,446965,-,177891,-,45164724,-
"11월","2020",31262634,288517,55234,222581,10702,13114734,258801,12610811,245122,-,2901399,14048115,649519,210764,43054,6533,13620189,136221,106479,29742,754074,6442393,1963289,4202204,122008,44882823,424738,161713,222581,40445,13868808,258801,13364885,245122,-,9343792,14048115,2612808,4412968,43054,128541,-,49273,-,44932096,-
"11월","2021",32854687,306713,40037,255709,10968,14210187,224116,13858568,87584,39920,3914763,13567239,608821,206453,34362,6148,13974606,126089,92399,33690,1365221,6015939,2382800,3992640,91917,46829293,432802,132436,255709,44657,15575408,224116,15223789,87584,39920,9930702,13567239,2991621,4199093,34362,98065,...,56125,...,46885417,...
"12월","2015",39225690,316664,17787,286524,12353,20282155,620752,17974521,1599608,87274,2930284,15199864,59144,376732,60847,-,8419303,55375,29256,26119,-,4450779,1428326,2484824,-,47644993,372039,47043,286524,38472,20282155,620752,17974521,1599608,87274,7381063,15199864,1487470,2861556,60847,-,-,81831,-,47726824,-
"12월","2016",38757534,361785,33596,313712,14477,21819995,656203,19789070,1287795,86927,3598405,12615263,183836,140269,37980,-,10426325,118961,83139,35822,212029,5397016,1513047,3185271,-,49183858,480746,116735,313712,50300,22032025,656203,20001099,1287795,86927,8995421,12615263,1696883,3325540,37980,-,-,34732,-,49218590,-
"12월","2017",37732868,354137,52023,288810,13304,21464050,248312,20211420,1004318,-,4798655,10437833,289498,341636,47059,-,14117802,113371,93944,19427,743429,7115780,1865050,4280172,-,51850670,467508,145967,288810,32730,22207479,248312,20954849,1004318,-,11914436,10437833,2154548,4621808,47059,-,-,51164,-,51901834,-
"12월","2018",37628820,433988,82530,335961,15497,20251773,194458,19676571,380745,-,3860882,12430474,300151,315462,36089,-,14091681,165462,135678,29784,780163,6086406,2020944,5038707,-,51720501,599450,218208,335961,45281,21031937,194458,20456734,380745,-,9947287,12430474,2321094,5354169,36089,-,-,116610,-,51837111,-
"12월","2019",34553168,376008,59933,301124,14952,17833411,209885,17141507,482019,-,4331239,11059168,560325,358033,34984,-,15566306,123546,95307,28239,763282,7930440,1533110,4845232,370696,50119474,499554,155240,301124,43190,18596693,209885,17904789,482019,-,12261679,11059168,2093435,5203266,34984,370696,-,163966,-,50283440,-
"12월","2020",35960067,360427,46669,302734,11024,14761797,230340,13974503,374707,182248,4686930,15059831,712653,321563,51986,4881,15517971,135593,105609,29984,749584,7568028,2015232,4933155,116379,51478038,496020,152278,302734,41008,15511381,230340,14724087,374707,182248,12254957,15059831,2727885,5254718,51986,121260,-,122070,-,51600108,-
"12월","2021",37933013,390544,41385,338120,11039,15664857,1,15526575,78288,59994,4188537,16531642,768469,343032,41087,4843,15389734,127895,95785,32110,1829823,6160436,2455527,4719709,96345,53322747,518439,137170,338120,43149,17494680,1,17356398,78288,59994,10348973,16531642,3223996,5062741,41087,101189,...,50862,...,53373609,...
